Date,Actual,Predicted
2018-12-03,3884.01,5084.313070584108
2018-12-04,3951.64,5100.277271944603
2018-12-05,3769.84,5254.243168030589
2018-12-06,3508.75,5422.589412533566
2018-12-07,3403.55,5382.812121373303
2018-12-08,3410.93,5395.20994683098
2018-12-09,3545.37,5484.413426246056
2018-12-10,3432.88,5657.157414774052
2018-12-11,3380.39,5605.394888754431
2018-12-12,3445.0,5474.7192872583455
2018-12-13,3302.06,5550.158404032553
2018-12-14,3224.17,5652.383041655533
2018-12-15,3211.72,5364.16936792793
2018-12-16,3228.67,5378.936785875304
2018-12-17,3509.08,5297.956890578762
2018-12-18,3652.98,5271.641576072593
2018-12-19,3662.22,4979.961677299683
2018-12-20,4049.62,5028.37668990819
2018-12-21,3838.66,4817.315524652225
2018-12-22,3948.91,4758.8722790757365
2018-12-23,3929.71,4657.115914381122
2018-12-24,4008.01,4690.438695450325
2018-12-25,3745.79,4536.678127956381
2018-12-26,3777.74,4532.94431838058
2018-12-27,3567.91,3517.6698338918427
2018-12-28,3839.26,3338.9079002076546
2018-12-29,3695.32,3493.768967085685
2018-12-30,3801.91,3227.7717696803757
2018-12-31,3702.9,3116.650526442727
2019-01-01,3797.14,2776.5449812830025
2019-01-02,3858.56,2795.2963926085326
2019-01-03,3766.78,2861.691964286009
2019-01-04,3792.01,2708.734730407819
2019-01-05,3770.96,2488.75317854206
2019-01-06,3987.6,2413.405705602718
2019-01-07,3975.45,2378.0830008460616
2019-01-08,3955.13,2323.104046900642
2019-01-09,3966.65,2393.8550208313322
2019-01-10,3585.88,2359.5612791319672
2019-01-11,3601.31,2272.029429666787
2019-01-12,3583.13,2118.04961299829
2019-01-13,3476.81,2307.311146041605
2019-01-14,3626.09,2363.006623303507
2019-01-15,3553.06,2270.6609590693597
2019-01-16,3591.84,2306.4685641168253
2019-01-17,3616.21,2522.5357255169833
2019-01-18,3594.87,2488.4152177333144
2019-01-19,3665.3,2540.9530428622434
2019-01-20,3539.28,3634.6978509670175
2019-01-21,3526.9,3554.358302465994
2019-01-22,3570.93,3750.852738172457
2019-01-23,3552.82,3485.550409844169
2019-01-24,3569.62,3671.2103788455397
2019-01-25,3565.29,3260.68969380821
2019-01-26,3565.25,3478.2683984593837
2019-01-27,3550.84,3669.7421440734483
2019-01-28,3434.15,3614.974705645631
2019-01-29,3411.04,3459.1786396422604
2019-01-30,3458.18,3448.558008551855
2019-01-31,3434.1,3527.9513441249596
2019-02-01,3462.07,3543.098484628613
2019-02-02,3504.77,3485.4235778701773
2019-02-03,3458.11,3508.892906618486
2019-02-04,3463.22,3584.7875357870907
2019-02-05,3471.59,3259.016130444077
2019-02-06,3405.37,3339.472457165056
2019-02-07,3398.4,3343.171465284579
2019-02-08,3659.04,3195.2101737965454
2019-02-09,3665.18,3150.603793894837
2019-02-10,3680.06,3262.0747917680815
2019-02-11,3631.05,3268.5316219562264
2019-02-12,3631.46,3272.4433056418934
2019-02-13,3609.4,3457.283120323642
2019-02-14,3590.56,3240.3513360763945
2019-02-15,3602.47,3589.4389437600935
2019-02-16,3618.41,3196.6789885929084
2019-02-17,3667.58,3386.6446711015847
2019-02-18,3898.6,3042.5456588339393
2019-02-19,3907.79,3116.2791175676693
2019-02-20,3969.74,3104.11929540265
2019-02-21,3937.31,3184.379380578505
2019-02-22,3962.0,3048.5146886099183
2019-02-23,4117.76,3037.422497786944
2019-02-24,3743.56,3029.8804421871914
2019-02-25,3827.92,3110.9473411244285
2019-02-26,3809.23,3076.2657565289855
2019-02-27,3818.07,3055.999321806812
2019-02-28,3813.69,3074.262352695905
2019-03-01,3823.0,2862.9162021813054
2019-03-02,3819.93,2999.9523498365
2019-03-03,3807.75,3189.3499952421475
2019-03-04,3715.3,2991.8710650058597
2019-03-05,3857.73,3038.193156702082
2019-03-06,3861.84,3179.045090696755
2019-03-07,3873.64,3270.2624143817943
2019-03-08,3864.89,3351.3846089662293
2019-03-09,3943.04,4021.399259279019
2019-03-10,3916.82,3979.9847529422914
2019-03-11,3871.61,4163.068640813382
2019-03-12,3882.73,3997.7659770033556
2019-03-13,3866.0,4177.000050444385
2019-03-14,3877.12,3913.836464945814
2019-03-15,3923.76,4019.3691743294585
2019-03-16,4005.98,4148.603222169933
2019-03-17,3981.14,4285.178057188018
2019-03-18,3987.81,4094.4173547448086
2019-03-19,4015.53,4099.237743122185
2019-03-20,4043.04,4135.529475094764
2019-03-21,3980.64,4205.852391113232
2019-03-22,3986.93,4177.830645200891
2019-03-23,4006.01,4110.122865280304
2019-03-24,3992.18,4114.708150486377
2019-03-25,3936.12,3928.825452164826
2019-03-26,3948.55,3959.400851602291
2019-03-27,4038.05,3938.2705673987234
2019-03-28,4027.81,3753.4114185745984
2019-03-29,4103.25,3832.002387239067
2019-03-30,4106.97,3950.5891228726564
2019-03-31,4103.95,3866.0989206861886
2019-04-01,4144.56,3981.6985313225678
2019-04-02,4857.29,4165.082871766193
2019-04-03,4932.6,4047.7172805651207
2019-04-04,4898.66,4163.475044486142
2019-04-05,5004.95,4049.743498686206
2019-04-06,5043.89,4171.720282844138
2019-04-07,5170.27,4020.202475865897
2019-04-08,5236.9,4105.287009589027
2019-04-09,5150.0,4148.771815891459
2019-04-10,5308.25,4166.959443625283
2019-04-11,5017.37,4135.325306551265
2019-04-12,5048.01,4089.8200823704615
2019-04-13,5045.22,4184.852805712132
2019-04-14,5131.3,4192.984359312953
2019-04-15,5024.95,4241.533550869554
2019-04-16,5173.72,4243.862928343107
2019-04-17,5202.82,4313.127106725024
2019-04-18,5258.44,4184.349344644641
2019-04-19,5258.68,4139.6971428255
2019-04-20,5291.73,4213.512965005755
2019-04-21,5256.14,4025.7548548736568
2019-04-22,5357.14,4184.2619543210985
2019-04-23,5493.31,4268.769943918553
2019-04-24,5415.0,4307.623449756054
2019-04-25,5219.9,4369.790451154307
2019-04-26,5314.1,4900.137190351577
2019-04-27,5295.69,4936.5801153175435
2019-04-28,5307.52,4930.312759724691
2019-04-29,5238.14,4863.57516706857
2019-04-30,5320.81,5006.63660685406
2019-05-01,5383.2,4854.692675377836
2019-05-02,5492.87,4974.522209683404
2019-05-03,5772.69,5057.463360382645
2019-05-04,5829.45,5116.725600230213
2019-05-05,5775.62,5096.511367692457
2019-05-06,5747.79,5107.036101436673
2019-05-07,5846.34,5131.145003614805
2019-05-08,5987.29,5129.909165234082
2019-05-09,6209.18,5204.040520617926
2019-05-10,6373.33,5133.7063907968795
2019-05-11,7076.22,5141.687911452856
2019-05-12,6967.31,5142.355712730549
2019-05-13,7790.71,5059.05030678893
2019-05-14,7947.56,5136.848575615951
2019-05-15,8169.87,5127.359765220282
2019-05-16,7866.59,5292.016668674924
2019-05-17,7355.26,5379.0612977522105
2019-05-18,7257.45,5307.492876281831
2019-05-19,8148.48,5452.4247010008485
2019-05-20,7938.15,7610.19580696307
2019-05-21,7904.87,7603.812446515956
2019-05-22,7628.43,7696.402880992594
2019-05-23,7851.51,7988.486089975483
2019-05-24,7964.87,7890.68317071407
2019-05-25,8025.41,8031.636802297645
2019-05-26,8614.43,8131.205315440904
2019-05-27,8756.32,8284.893959925206
2019-05-28,8715.64,8305.95116107059
2019-05-29,8645.68,8560.447250541656
2019-05-30,8269.54,8824.358293984513
2019-05-31,8555.0,8887.06433127223
2019-06-01,8544.07,9193.28930535518
2019-06-02,8725.98,9532.274050281323
2019-06-03,8115.82,9342.748412853141
2019-06-04,7687.03,9510.571862146251
2019-06-05,7776.5,9610.329849884803
2019-06-06,7786.7,9744.13680908023
2019-06-07,7980.53,9784.765575870766
2019-06-08,7893.62,9791.905287967658
2019-06-09,7628.13,9884.698344256405
2019-06-10,7982.75,9869.787080289747
2019-06-11,7884.9,9813.435788918425
2019-06-12,8127.64,9961.543053181404
2019-06-13,8218.54,7411.82441271467
2019-06-14,8650.0,7417.8783193756835
2019-06-15,8808.7,7616.975130646059
2019-06-16,8953.33,7859.726888671782
2019-06-17,9313.96,7852.760410490586
2019-06-18,9081.55,7784.207728548135
2019-06-19,9255.49,7865.403392873601
2019-06-20,9517.12,8043.258168597471
2019-06-21,10159.86,7989.4203157351285
2019-06-22,10729.5,8184.353326103244
2019-06-23,10906.07,8196.840088615854
2019-06-24,11056.59,8392.410352316707
2019-06-25,11820.86,8586.733950517108
2019-06-26,13093.8,8822.978609584507
2019-06-27,11329.99,8647.831387159078
2019-06-28,12400.63,8828.70924938498
2019-06-29,11903.13,8594.340775493822
2019-06-30,10854.1,8489.257391579013
2019-07-01,10624.93,8556.066907244776
2019-07-02,10842.85,8506.157752113391
2019-07-03,11940.0,8716.50935434413
2019-07-04,11145.67,8771.28761989168
2019-07-05,10970.73,8743.066732312856
2019-07-06,11256.49,8741.510720534374
2019-07-07,11406.24,10547.20206693867
2019-07-08,12238.6,10473.614774321308
2019-07-09,12543.41,11043.375709485004
2019-07-10,12108.37,11479.303391019643
2019-07-11,11342.89,11560.530763338607
2019-07-12,11757.22,11470.96186863261
2019-07-13,11355.76,11605.362772681852
2019-07-14,10174.18,11694.524877032241
2019-07-15,10838.72,11580.407808433312
2019-07-16,9439.59,11651.891546360082
2019-07-17,9667.92,11680.066805362896
2019-07-18,10627.16,11980.62919582654
2019-07-19,10504.29,11923.089241381895
2019-07-20,10740.23,12333.92429957427
2019-07-21,10589.45,11982.143445857488
2019-07-22,10340.31,11771.984411684822
2019-07-23,9864.91,11704.451799094168
2019-07-24,9763.28,11467.767094946274
2019-07-25,9879.87,11523.10605062275
2019-07-26,9824.0,11503.997731028943
2019-07-27,9476.52,12096.55826024902
2019-07-28,9541.54,11962.996457978928
2019-07-29,9507.64,11933.528131533958
2019-07-30,9574.21,11925.326588337733
2019-07-31,10080.53,9569.45437943754
2019-08-01,10374.99,9491.243133329352
2019-08-02,10523.75,9862.619527027833
2019-08-03,10816.86,10548.272405060647
2019-08-04,10929.23,10326.333464620664
2019-08-05,11828.8,10268.131509141038
2019-08-06,11481.69,10298.465231798793
2019-08-07,11975.03,10279.516998903868
2019-08-08,11999.77,10204.775071303766
2019-08-09,11879.99,10323.99480675877
2019-08-10,11309.31,10087.62486244877
2019-08-11,11549.97,10290.938063488671
2019-08-12,11396.08,10122.823828694216
2019-08-13,10892.71,9909.020695366376
2019-08-14,10050.37,9613.503742697374
2019-08-15,10293.93,9389.204490156035
2019-08-16,10331.54,8776.253401019729
2019-08-17,10216.02,8709.648053897465
2019-08-18,10306.78,8358.95300561656
2019-08-19,10915.54,8486.258279413529
2019-08-20,10760.51,8792.074916409483
2019-08-21,10142.57,8647.144638421854
2019-08-22,10099.88,8565.464073805579
2019-08-23,10389.55,8402.075103408006
2019-08-24,10134.35,9142.86044847671
2019-08-25,10142.69,8201.334890035605
2019-08-26,10372.25,9051.8971754225
2019-08-27,10185.05,8280.506656337071
2019-08-28,9721.0,8297.362935026831
2019-08-29,9498.44,7879.623267908864
2019-08-30,9584.54,7787.402502234471
2019-08-31,9587.47,7634.820544059814
2019-09-01,9724.98,6776.57023029822
2019-09-02,10340.0,7235.56509041973
2019-09-03,10615.28,6457.142357069023
2019-09-04,10567.02,6995.1806047866185
2019-09-05,10564.49,6655.407800217198
2019-09-06,10298.73,7010.642505128166
2019-09-07,10455.88,6919.991671814766
2019-09-08,10381.18,7109.390477268956
2019-09-09,10303.12,6610.951646601758
2019-09-10,10098.15,6656.488192093212
2019-09-11,10158.33,6245.493433884803
2019-09-12,10415.01,6626.839671441288
2019-09-13,10342.06,7027.205678219494
2019-09-14,10335.02,6766.364896586068
2019-09-15,10302.01,6764.127549630229
2019-09-16,10251.31,6818.053566181809
2019-09-17,10187.82,10504.567962900814
2019-09-18,10156.99,10149.234267180878
2019-09-19,10244.29,10368.064277526675
2019-09-20,10168.59,10499.319903294065
2019-09-21,9986.39,10185.082860610182
2019-09-22,10028.87,10010.255811582514
2019-09-23,9702.25,9775.005700798974
2019-09-24,8493.14,9832.660113366492
2019-09-25,8430.05,9130.510571692126
2019-09-26,8063.73,9007.233759800782
2019-09-27,8177.91,8673.89845127713
2019-09-28,8198.81,9059.237189234416
2019-09-29,8043.82,8665.143951608929
2019-09-30,8289.34,8676.088622925568
2019-10-01,8292.44,8323.664328950488
2019-10-02,8359.94,8286.920951411987
2019-10-03,8223.96,8193.393197712925
2019-10-04,8137.13,8120.222749205206
2019-10-05,8126.19,7897.323288571946
2019-10-06,7854.25,7751.550041976691
2019-10-07,8190.09,7780.541201787804
2019-10-08,8168.39,7606.223027387492
2019-10-09,8560.74,7484.2678974690225
2019-10-10,8558.03,7457.194684581685
2019-10-11,8258.5,8333.783045704793
2019-10-12,8300.09,8160.141566287667
2019-10-13,8275.01,8452.851974849258
2019-10-14,8348.2,8436.575720430801
2019-10-15,8159.29,8418.434107955834
2019-10-16,7991.74,8177.910416497611
2019-10-17,8070.58,8226.485515804996
2019-10-18,7947.01,8059.569997837901
2019-10-19,7948.01,8203.344867477093
2019-10-20,8223.35,8162.641084214136
2019-10-21,8197.27,8325.277569790405
2019-10-22,8020.0,8362.757191470613
2019-10-23,7466.62,8402.863936416978
2019-10-24,7412.41,8094.735709358458
2019-10-25,8655.02,8344.561443396991
2019-10-26,9230.0,8465.421487491241
2019-10-27,9529.93,8115.3884402453195
2019-10-28,9205.14,8343.28306990304
2019-10-29,9407.62,8580.069858322684
2019-10-30,9154.72,8264.718395672204
2019-10-31,9140.85,8526.474842288593
2019-11-01,9231.61,8688.318628027417
2019-11-02,9289.52,8597.372369018498
2019-11-03,9194.71,8520.96383834552
2019-11-04,9393.35,9172.04649644298
2019-11-05,9308.66,8873.05713180311
2019-11-06,9339.05,8883.898172116611
2019-11-07,9216.2,8762.331271777066
2019-11-08,8773.73,8233.029736316685
2019-11-09,8809.41,7688.242326178209
2019-11-10,9039.47,8029.536341069833
2019-11-11,8733.27,7906.653172317278
2019-11-12,8821.94,7702.719731989931
2019-11-13,8777.12,7560.00050652451
2019-11-14,8646.68,7602.477617326264
2019-11-15,8471.73,7519.416594944288
2019-11-16,8491.02,7722.523307343605
2019-11-17,8502.4,7849.615905574428
2019-11-18,8187.17,7468.990831528597
2019-11-19,8133.64,7443.070706892609
2019-11-20,8098.01,7576.843637997454
2019-11-21,7627.74,7839.385824160035
2019-11-22,7268.23,7883.591407290272
2019-11-23,7311.57,7517.834288732173
2019-11-24,6903.28,7897.548337989212
2019-11-25,7109.57,7900.070283520838
2019-11-26,7156.14,8142.255937857769
2019-11-27,7508.52,8057.218192759191
2019-11-28,7419.49,7920.083440977875
2019-11-29,7739.68,8169.394886829187
2019-11-30,7541.89,8257.845494740111
2019-12-01,7390.89,8280.691490738192
2019-12-02,7294.28,8413.223943268144
2019-12-03,7292.71,8421.11304672356
2019-12-04,7194.32,8286.281377982163
2019-12-05,7389.0,8648.136866608631
2019-12-06,7527.47,8447.650317184212
2019-12-07,7488.21,8700.12869555684
2019-12-08,7510.11,8301.276165443887
2019-12-09,7338.64,8341.835329321868
2019-12-10,7224.13,8433.225500239756
2019-12-11,7210.0,8306.02153734884
2019-12-12,7198.08,8356.0915525448
2019-12-13,7258.48,8492.265010767143
2019-12-14,7064.05,8418.28098154821
2019-12-15,7118.59,8317.878006819969
2019-12-16,6891.72,8288.822657656165
2019-12-17,6623.82,8242.777237537355
2019-12-18,7277.83,8365.747796613452
2019-12-19,7150.3,8474.484560071774
2019-12-20,7187.83,8466.3379258399
2019-12-21,7132.75,8661.117036434696
2019-12-22,7501.44,7402.73736579759
2019-12-23,7317.09,7315.15060736806
2019-12-24,7255.77,7662.426605911056
2019-12-25,7204.63,7547.581026827371
2019-12-26,7202.0,7704.182166519309
2019-12-27,7254.74,7403.220719357009
2019-12-28,7316.14,7587.0559320008615
2019-12-29,7388.24,7533.753248199508
2019-12-30,7246.0,7681.4413482557575
2019-12-31,7195.23,7372.835954563379
2020-01-01,7200.85,7600.183814674685
2020-01-02,6965.71,7536.055557873733
2020-01-03,7344.96,7498.691941047785
2020-01-04,7354.11,7465.227634056383
2020-01-05,7358.75,7544.273341749553
2020-01-06,7758.0,7251.227292476301
2020-01-07,8145.28,7005.300094906618
2020-01-08,8055.98,7119.050588166083
2020-01-09,7817.76,7124.564685571937
2020-01-10,8197.02,6906.108210856857
2020-01-11,8020.01,6865.164684228428
2020-01-12,8184.98,6954.57117213846
2020-01-13,8110.34,6945.703761078779
2020-01-14,8810.01,6936.449667171564
2020-01-15,8821.41,7797.235073681599
2020-01-16,8720.01,8035.7170797048375
2020-01-17,8913.28,8040.044834134453
2020-01-18,8915.96,8056.8516174197275
2020-01-19,8701.7,8073.1069909644175
2020-01-20,8642.35,7684.844157314068
2020-01-21,8736.03,8051.959306032711
2020-01-22,8682.36,8121.79577502898
2020-01-23,8404.52,8161.492636156956
2020-01-24,8439.0,7908.691764289485
2020-01-25,8340.58,7939.024713581545
2020-01-26,8615.0,7845.939325060062
2020-01-27,8907.57,8023.224903632361
2020-01-28,9374.21,7995.94829556722
2020-01-29,9301.53,7974.417021250758
2020-01-30,9513.21,7742.047697681358
2020-01-31,9352.89,7548.9081223601115
2020-02-01,9384.61,7585.085396209821
2020-02-02,9331.51,7680.341622237367
2020-02-03,9292.24,7384.274033193474
2020-02-04,9197.02,7699.290628497988
2020-02-05,9612.04,7714.903335150074
2020-02-06,9772.0,7831.671501351704
2020-02-07,9813.73,7870.123243710616
2020-02-08,9895.05,9551.852576217732
2020-02-09,10151.75,9242.256501069969
2020-02-10,9851.83,9587.304433045465
2020-02-11,10223.08,9160.478492376114
2020-02-12,10326.46,9382.002908803537
2020-02-13,10229.63,9299.583006582774
2020-02-14,10344.36,9456.989219963281
2020-02-15,9904.72,9573.098478592712
2020-02-16,9917.27,9585.98275107259
2020-02-17,9706.0,9525.81876682457
2020-02-18,10164.71,9444.572833728924
2020-02-19,9593.79,9682.308541856419
2020-02-20,9596.42,9808.930160378944
2020-02-21,9677.05,9989.25815959565
2020-02-22,9650.86,10114.87362934889
2020-02-23,9936.4,10274.903099167077
2020-02-24,9656.13,10064.824495026698
2020-02-25,9315.84,10041.671472847673
2020-02-26,8785.25,10338.756811146279
2020-02-27,8823.21,10083.983083390682
2020-02-28,8692.91,10432.437691252966
2020-02-29,8523.61,10432.573803615298
2020-03-01,8531.88,10564.196004722151
2020-03-02,8915.24,10495.790262261762
2020-03-03,8760.07,8849.83605344292
2020-03-04,8750.87,8777.002019012556
2020-03-05,9054.68,9005.970080255036
2020-03-06,9131.88,8944.967767593558
2020-03-07,8886.66,9038.69504964195
2020-03-08,8033.31,9038.143639901364
2020-03-09,7929.87,9015.736915618083
2020-03-10,7894.56,9133.278447514784
2020-03-11,7934.52,9409.658466059263
2020-03-12,4800.0,9100.24258511845
2020-03-13,5578.6,9275.001577964955
2020-03-14,5172.06,9159.430581859293
2020-03-15,5361.3,9255.194135782805
2020-03-16,5028.97,9338.634107355367
2020-03-17,5312.64,9236.575356673979
2020-03-18,5393.04,9240.987407964358
2020-03-19,6162.37,9020.201555775726
2020-03-20,6208.36,8968.610330257563
2020-03-21,6186.98,9235.583128487204
2020-03-22,5816.19,9107.706337441577
2020-03-23,6467.31,9040.704253717744
2020-03-24,6744.72,9278.653410777079
2020-03-25,6677.43,9291.078304034083
2020-03-26,6737.36,9450.677009160116
2020-03-27,6359.11,6476.7522043160825
2020-03-28,6236.65,6533.337438810163
2020-03-29,5881.42,6602.951178486252
2020-03-30,6394.38,6948.344804927446
2020-03-31,6410.44,6740.007820332366
2020-04-01,6642.92,6763.3278895015255
2020-04-02,6794.09,6847.73070136445
2020-04-03,6734.1,6985.737036284111
2020-04-04,6856.99,7030.581419478477
2020-04-05,6772.78,7168.649623653743
2020-04-06,7329.9,7135.366284234989
2020-04-07,7197.32,7194.432089196009
2020-04-08,7361.28,6901.960650634193
2020-04-09,7283.54,7008.233470988021
2020-04-10,6858.92,7008.341742185331
2020-04-11,6876.83,6720.2034716129965
2020-04-12,6903.79,6539.308595341804
2020-04-13,6837.91,6818.182718252886
2020-04-14,6868.7,6417.606742688469
2020-04-15,6621.24,6646.468466147877
2020-04-16,7101.94,6705.587633341856
2020-04-17,7027.55,6779.774284372898
2020-04-18,7248.6,6709.587480716762
2020-04-19,7120.74,6881.587104763253
2020-04-20,6826.83,6454.0763487709155
2020-04-21,6841.37,6332.990095210858
2020-04-22,7125.14,6477.267265868999
2020-04-23,7482.39,6286.399452277023
2020-04-24,7505.0,6261.796369419741
2020-04-25,7538.67,5691.919042718934
2020-04-26,7693.1,6051.018642691018
2020-04-27,7774.62,6149.98741073775
2020-04-28,7738.98,5752.317356772562
2020-04-29,8778.57,5711.9233064704795
2020-04-30,8620.0,5770.952763243831
2020-05-01,8826.96,5627.920324671906
2020-05-02,8972.05,5908.845026723468
2020-05-03,8894.16,6101.49583492543
2020-05-04,8871.96,6212.646272718068
2020-05-05,9021.83,6041.983411275507
2020-05-06,9142.92,5869.565396387983
2020-05-07,9986.4,5928.458740799003
2020-05-08,9800.01,6052.211172592816
2020-05-09,9539.4,5899.449406894056
2020-05-10,8722.77,6024.6101376185925
2020-05-11,8561.52,6060.451770756642
2020-05-12,8810.79,6127.893512878124
2020-05-13,9309.37,6079.891864233632
2020-05-14,9791.98,10152.741480608023
2020-05-15,9316.42,9736.451100802618
2020-05-16,9381.27,10278.861184794448
2020-05-17,9680.04,9880.691536590244
2020-05-18,9733.93,9976.361513264652
2020-05-19,9775.53,9901.72012320491
2020-05-20,9511.43,10295.830374875688
2020-05-21,9068.65,10831.32270272511
2020-05-22,9170.0,10531.413032908107
2020-05-23,9179.15,10673.518206011642
2020-05-24,8720.34,10802.916980745165
2020-05-25,8900.35,10959.78261150482
2020-05-26,8841.18,11238.896477781374
2020-05-27,9204.07,11214.646823046738
2020-05-28,9575.89,10995.019472669323
2020-05-29,9427.07,11163.876911896741
2020-05-30,9697.72,11121.533593360235
2020-05-31,9448.27,10834.60950692916
2020-06-01,10200.77,11024.27821701093
2020-06-02,9518.04,10731.017945440144
2020-06-03,9666.24,11053.156465430564
2020-06-04,9789.06,10812.560850962696
2020-06-05,9621.16,10766.412573206442
2020-06-06,9666.3,10683.67713778209
2020-06-07,9746.99,9183.93854073608
2020-06-08,9782.01,8797.824116986638
2020-06-09,9772.43,9108.924388411315
2020-06-10,9885.0,9038.552750354056
2020-06-11,9280.4,9031.785027156493
2020-06-12,9465.13,9309.359122334163
2020-06-13,9473.34,9191.377545356965
2020-06-14,9342.1,9167.188213146546
2020-06-15,9426.02,9522.926379125005
2020-06-16,9525.59,9602.506482513469
2020-06-17,9465.14,9523.387305079266
2020-06-18,9386.32,9784.09970800731
2020-06-19,9310.23,9814.751283965741
2020-06-20,9358.95,9945.209569701512
2020-06-21,9294.69,9731.591270774794
2020-06-22,9685.69,9927.98362220951
2020-06-23,9624.89,9904.290790775325
2020-06-24,9296.49,9953.696484839216
2020-06-25,9249.49,10195.88523263893
2020-06-26,9162.21,10184.098366080358
2020-06-27,9012.0,10186.59092371557
2020-06-28,9116.35,10562.575030225284
2020-06-29,9192.56,10697.317761911745
2020-06-30,9138.55,10618.59609444481
2020-07-01,9232.0,8841.457409502524
2020-07-02,9086.54,8595.811717045846
2020-07-03,9058.26,8981.810135941028
2020-07-04,9135.46,8877.551933222861
2020-07-05,9069.41,8828.769571909195
2020-07-06,9344.2,9200.44371140028
2020-07-07,9257.39,8988.00866198702
2020-07-08,9436.06,9239.596123078925
2020-07-09,9232.43,9347.37391307536
2020-07-10,9288.34,9147.042036789957
2020-07-11,9234.03,9416.764150065574
2020-07-12,9302.75,9554.529194888371
2020-07-13,9242.62,9555.015641910572
2020-07-14,9255.85,9944.361960899714
2020-07-15,9197.6,9864.140737350037
2020-07-16,9133.72,9775.60119238418
2020-07-17,9154.32,9896.86106654278
2020-07-18,9170.28,10114.630019154942
2020-07-19,9208.99,9853.622190531381
2020-07-20,9160.78,10166.16556234306
2020-07-21,9390.0,10269.781098168623
2020-07-22,9518.16,10491.333355761071
2020-07-23,9603.27,10605.605097499014
2020-07-24,9537.8,10913.80602093287
2020-07-25,9700.42,9438.739336291006
2020-07-26,9931.54,9469.98795056603
2020-07-27,11029.96,9858.425564863464
2020-07-28,10906.27,10173.852043986366
2020-07-29,11100.53,10210.936475796394
2020-07-30,11099.61,10182.33741239268
2020-07-31,11335.46,10331.456238984812
2020-08-01,11801.17,10483.044422241303
2020-08-02,11071.35,10404.745785809571
2020-08-03,11219.81,10397.599113421424
2020-08-04,11191.97,10282.737293658141
2020-08-05,11744.91,10476.17925496616
2020-08-06,11762.46,10512.405250854661
2020-08-07,11594.23,10604.961657240714
2020-08-08,11761.41,10424.750436243963
2020-08-09,11681.68,10613.819014546358
2020-08-10,11892.92,10323.536974267288
2020-08-11,11392.08,10461.8178540087
2020-08-12,11564.33,10222.673846950482
2020-08-13,11780.0,10597.396594011534
2020-08-14,11760.54,10841.514115854752
2020-08-15,11852.4,10904.142816572961
2020-08-16,11911.0,11017.259923328163
2020-08-17,12281.13,10993.686190211021
2020-08-18,11945.01,11748.782667467007
2020-08-19,11754.59,11579.814636945193
2020-08-20,11853.55,11987.955289055944
2020-08-21,11531.34,12043.629112078384
2020-08-22,11662.96,12107.942203280458
2020-08-23,11648.13,11975.920945474949
2020-08-24,11748.2,12230.24225429893
2020-08-25,11318.42,12298.419080513577
2020-08-26,11461.43,12095.924873744756
2020-08-27,11330.38,12049.089073885583
2020-08-28,11526.91,11970.341111985015
2020-08-29,11465.84,12211.050411210057
2020-08-30,11711.16,11813.49636209913
2020-08-31,11649.51,11862.94459127625
2020-09-01,11921.97,11645.556134586064
2020-09-02,11388.54,11423.260672560655
2020-09-03,10140.85,11038.820585541038
2020-09-04,10446.25,10994.693112346004
2020-09-05,10166.69,10686.276419883221
2020-09-06,10256.2,10658.249647093862
2020-09-07,10373.44,10574.20567691345
2020-09-08,10126.65,10228.159329825618
2020-09-09,10219.2,10269.556822117052
2020-09-10,10336.87,10097.751312860026
2020-09-11,10387.89,10245.844656540492
2020-09-12,10440.92,10017.902851575373
2020-09-13,10332.83,10148.191770223923
2020-09-14,10671.77,10207.382860427544
2020-09-15,10785.31,10098.387792827069
2020-09-16,10954.01,10106.413782010512
2020-09-17,10939.99,9817.069834319562
2020-09-18,10933.39,9766.692019576965
2020-09-19,11080.65,9604.04238678388
2020-09-20,10920.28,9537.739425648388
2020-09-21,10417.22,9317.433833556395
2020-09-22,10529.61,9537.449413512737
2020-09-23,10241.46,9434.815278754217
2020-09-24,10736.32,9448.982564922217
2020-09-25,10686.67,9357.863845363298
2020-09-26,10728.6,9270.445680655293
2020-09-27,10774.25,9151.499716656343
2020-09-28,10696.12,8847.280853186405
2020-09-29,10840.48,9053.638021602104
2020-09-30,10776.59,8932.440016699109
2020-10-01,10619.13,8946.161844226748
2020-10-02,10570.4,8924.229193114545
2020-10-03,10542.06,8845.296396812855
2020-10-04,10666.63,8709.426871308673
2020-10-05,10792.21,10335.249597719134
2020-10-06,10599.66,10179.360727832354
2020-10-07,10666.39,10135.168291918933
2020-10-08,10925.57,9996.796928391199
2020-10-09,11050.64,9858.86406321257
2020-10-10,11293.22,9811.944739858329
2020-10-11,11369.02,9974.022855402758
2020-10-12,11528.25,9928.944142402786
2020-10-13,11420.56,9835.035119416054
2020-10-14,11417.89,10043.546884658219
2020-10-15,11505.12,10120.282549020214
2020-10-16,11319.32,10376.489323408776
2020-10-17,11360.2,10337.00127101847
2020-10-18,11503.14,10386.464194143797
2020-10-19,11751.47,10449.609503146314
2020-10-20,11909.99,10424.223000839926
2020-10-21,12780.96,10197.790805711584
2020-10-22,12968.52,10328.962907983905
2020-10-23,12923.07,10208.60091139728
2020-10-24,13111.73,10202.717918554878
2020-10-25,13028.83,10752.71472001535
2020-10-26,13052.19,10681.451391311675
2020-10-27,13636.17,10684.932310305188
2020-10-28,13266.4,10747.712590699633
2020-10-29,13455.7,13292.944163403568
2020-10-30,13560.1,13348.47336704103
2020-10-31,13791.0,13167.474859766697
2020-11-01,13761.5,13441.996480545922
2020-11-02,13549.37,13178.23392331652
2020-11-03,14023.53,13066.476393453253
2020-11-04,14144.01,13180.478230563614
2020-11-05,15590.02,13208.860751572707
2020-11-06,15579.92,12934.263340955365
2020-11-07,14818.3,13167.867729539794
2020-11-08,15475.1,13196.321400192832
2020-11-09,15328.41,13478.471500188234
2020-11-10,15297.21,13535.938758257544
2020-11-11,15684.24,13855.02480384952
2020-11-12,16291.86,13500.708857384296
2020-11-13,16320.7,13852.51600553471
2020-11-14,16070.45,13661.36939360966
2020-11-15,15957.0,13945.24255237368
2020-11-16,16713.57,14042.496381991594
2020-11-17,17659.38,13921.860613948915
2020-11-18,17776.12,14268.249562039664
2020-11-19,17802.82,14357.673837360682
2020-11-20,18655.67,14381.683748729845
2020-11-21,18703.8,14301.307852041153
2020-11-22,18414.43,17494.523979868096
2020-11-23,18368.0,16941.440675918595
2020-11-24,19160.01,17223.307724069604
2020-11-25,18719.11,16966.02906482767
2020-11-26,17149.47,16175.57044116458
2020-11-27,17139.52,15740.906439175687
2020-11-28,17719.85,15150.19425396683
2020-11-29,18184.99,14832.763210962306
2020-11-30,19695.87,14190.431959070265
2020-12-01,18764.96,14480.136295175118
2020-12-02,19204.09,13735.889365255278
2020-12-03,19421.9,13720.516401968664
2020-12-04,18650.52,13929.535495106795
2020-12-05,19147.66,13764.669396231637
2020-12-06,19359.4,13475.971982261766
2020-12-07,19166.9,13843.390290332876
2020-12-08,18324.11,13624.67937830412
2020-12-09,18541.28,13128.681289770564
2020-12-10,18254.63,12800.84693143595
2020-12-11,18036.53,13238.87662092979
2020-12-12,18808.69,13481.741290346992
2020-12-13,19174.99,13080.078349298155
2020-12-14,19273.14,13282.942998234914
2020-12-15,19426.43,13107.118307460605
2020-12-16,21335.52,17862.471270074635
2020-12-17,22797.16,17246.92785912845
2020-12-18,23107.39,17622.616539942646
2020-12-19,23821.61,17647.973654352623
2020-12-20,23455.52,17384.430732980618
2020-12-21,22719.71,17122.76554351625
2020-12-22,23810.79,16816.642653705047
2020-12-23,23232.76,16446.43404220612
2020-12-24,23729.2,16272.078746252446
2020-12-25,24712.47,16074.237880870865
2020-12-26,26493.39,15779.220522440877
2020-12-27,26281.66,16102.730219808658
2020-12-28,27079.41,16549.54843706128
2020-12-29,27385.0,16903.626186892423
2020-12-30,28875.54,16498.61766584671
2020-12-31,28923.63,16529.30791008989
2021-01-01,29331.69,16074.239427602255
2021-01-02,32178.33,16073.552678865033
2021-01-03,33000.05,16504.959264546287
2021-01-04,31988.71,16239.834036962171
2021-01-05,33949.53,17249.623811941467
2021-01-06,36769.36,17713.960308918828
2021-01-07,39432.28,17718.976358817057
2021-01-08,40582.81,17481.562370818712
2021-01-09,40088.22,35357.91350583934
2021-01-10,38150.02,34647.61114300754
2021-01-11,35404.47,35950.803488845515
2021-01-12,34051.24,37305.406092629004
2021-01-13,37371.38,37018.68849483852
2021-01-14,39144.5,38893.794052569574
2021-01-15,36742.22,38742.02567510613
2021-01-16,35994.98,40115.826308904056
2021-01-17,35828.61,40236.65387163911
2021-01-18,36631.27,41515.556347726306
2021-01-19,35891.49,43010.80633027812
2021-01-20,35468.23,44116.94200354932
2021-01-21,30850.13,44581.31407534866
2021-01-22,32945.17,46284.33957900093
2021-01-23,32078.0,44589.53031249309
2021-01-24,32259.9,45229.36978011561
2021-01-25,32254.2,46995.06883969641
2021-01-26,32467.77,47696.035131857316
2021-01-27,30366.15,46847.10232798994
2021-01-28,33364.86,47551.48380306028
2021-01-29,34252.2,48221.75675751522
2021-01-30,34262.88,48681.03080265265
2021-01-31,33092.98,47995.562759020955
2021-02-01,33526.37,49688.07048922028
2021-02-02,35466.24,31773.57386465598
2021-02-03,37618.87,31948.459689476476
2021-02-04,36936.66,33816.74725523979
2021-02-05,38290.24,34964.55496562417
2021-02-06,39186.94,35042.163759855895
2021-02-07,38795.69,35129.5355226222
2021-02-08,46374.87,35067.74051012327
2021-02-09,46420.42,34862.272712256905
2021-02-10,44807.58,34891.487374753895
2021-02-11,47969.51,35624.69992293647
2021-02-12,47287.6,34634.2968792012
2021-02-13,47153.69,35855.30829281819
2021-02-14,48577.79,36635.049614678996
2021-02-15,47911.1,38396.38379827682
2021-02-16,49133.45,36998.61501485726
2021-02-17,52119.71,38493.05760362343
2021-02-18,51552.6,36808.92697063312
2021-02-19,55906.0,36706.43126833402
2021-02-20,55841.19,36881.802766811015
2021-02-21,57408.57,36280.2108730039
2021-02-22,54087.67,37958.482487488356
2021-02-23,48891.0,38760.635947192306
2021-02-24,49676.2,38235.24841551468
2021-02-25,47073.73,38029.09386891109
2021-02-26,46276.87,46268.64334885378
2021-02-27,46106.43,46090.17220067094
2021-02-28,45135.66,47361.87309540564
2021-03-01,49587.03,48648.15966714937
2021-03-02,48440.65,48404.70723980391
2021-03-03,50349.37,47646.67583973513
2021-03-04,48374.09,47885.44785789402
2021-03-05,48751.71,48047.356606351226
2021-03-06,48882.2,46374.68725296186
2021-03-07,50971.75,47150.56174634732
2021-03-08,52375.17,46790.58476299417
2021-03-09,54884.5,47912.39810563584
2021-03-10,55851.59,47356.08213308095
2021-03-11,57773.16,47895.43664921155
2021-03-12,57221.72,45908.54572045221
2021-03-13,61188.39,44981.7690191818
2021-03-14,58968.31,43973.20116200071
2021-03-15,55605.2,42729.06920756389
2021-03-16,56900.75,41335.75191708517
2021-03-17,58912.97,42722.53890763471
2021-03-18,57648.16,44600.39455377744
2021-03-19,58030.01,42963.9156214546
2021-03-20,58102.28,42558.242005911125
2021-03-21,57351.56,42369.50056129775
2021-03-22,54083.25,54457.26824450746
2021-03-23,54340.89,53873.90303340177
2021-03-24,52303.65,54613.83458274312
2021-03-25,51293.78,58775.48243490837
2021-03-26,55025.59,57431.880184771566
2021-03-27,55817.14,56919.46663599444
2021-03-28,55777.63,55957.777113785756
2021-03-29,57635.47,55004.384258753795
2021-03-30,58746.57,53872.393423564994
2021-03-31,58740.55,54986.76389475731
2021-04-01,58720.44,53317.364331526696
2021-04-02,58950.01,55199.56319941294
2021-04-03,57051.94,54461.512475442
2021-04-04,58202.01,54058.910668439356
2021-04-05,59129.99,52376.456692275955
2021-04-06,57991.15,49926.183599806966
2021-04-07,55953.45,46411.29219804095
2021-04-08,58077.52,45430.652122840256
2021-04-09,58142.54,44345.66645459785
2021-04-10,59769.13,44621.90649395152
2021-04-11,60002.43,46198.35987448576
2021-04-12,59860.0,44309.661641298146
2021-04-13,63575.0,43860.54343446838
2021-04-14,62959.53,42730.41177041053
2021-04-15,63159.98,56898.375406758474
2021-04-16,61334.8,53608.397309895685
2021-04-17,60006.66,56333.32968223762
2021-04-18,56150.01,55697.96336179539
2021-04-19,55633.14,56084.07082525357
2021-04-20,56425.0,56025.62293948291
2021-04-21,53787.63,53837.96936974601
2021-04-22,51690.96,53705.290751099696
2021-04-23,51125.14,50863.920439707916
2021-04-24,50047.84,52722.4852519528
2021-04-25,49066.77,50983.50752386808
2021-04-26,54001.39,53965.853121082895
2021-04-27,55011.97,55205.77487267575
2021-04-28,54846.22,55666.85550007686
2021-04-29,53555.0,55907.24230580706
2021-04-30,57694.27,57978.22283332283
2021-05-01,57800.37,55075.12556561329
2021-05-02,56578.21,54404.419526369114
2021-05-03,57169.39,54226.662968088516
2021-05-04,53200.01,53711.92313530062
2021-05-05,57436.11,55533.79329204579
2021-05-06,56393.68,55229.377993689304
2021-05-07,57314.75,54810.26946929106
2021-05-08,58862.05,52683.94070571048
2021-05-09,58240.84,58016.309547073666
2021-05-10,55816.14,54713.42552349154
2021-05-11,56670.02,55673.14760337196
2021-05-12,49631.32,57255.954956456895
2021-05-13,49670.97,53630.55887725363
2021-05-14,49841.45,52746.26160688205
2021-05-15,46762.99,48461.88371237187
2021-05-16,46431.5,48578.07726786206
2021-05-17,43538.04,44071.1649413267
2021-05-18,42849.78,42747.3917876115
2021-05-19,36690.09,40049.282831037395
2021-05-20,40526.64,42523.48076464909
2021-05-21,37252.01,38705.1144772118
2021-05-22,37449.73,38036.691413499466
2021-05-23,34655.25,35192.431807870904
2021-05-24,38796.29,35161.20020764117
2021-05-25,38324.72,33477.24280856656
2021-05-26,39241.91,32216.675286378097
2021-05-27,38529.98,31116.828622939214
2021-05-28,35663.49,30821.532852859
2021-05-29,34605.15,32048.3785372796
2021-05-30,35641.27,32108.13495780632
2021-05-31,37253.81,31287.498057990182
2021-06-01,36693.09,31650.19110166441
2021-06-02,37568.68,38478.558543572246
2021-06-03,39246.79,38260.930343516586
2021-06-04,36829.0,39981.96598747567
2021-06-05,35513.2,41568.6339821104
2021-06-06,35796.31,41618.78210724155
2021-06-07,33552.79,40213.53951774484
2021-06-08,33380.81,39633.28323673334
2021-06-09,37388.05,40929.30184238384
2021-06-10,36675.72,37080.66911510426
2021-06-11,37331.98,37820.32843972094
2021-06-12,35546.11,35866.79432012138
2021-06-13,39020.57,37589.43237780065
2021-06-14,40516.29,35578.09999961429
2021-06-15,40144.04,34834.338743350956
2021-06-16,38349.01,35425.23653632663
2021-06-17,38092.97,33911.172113145134
2021-06-18,35819.84,31515.343965609114
2021-06-19,35483.72,32152.993261583197
2021-06-20,35600.16,31761.113396577002
2021-06-21,31608.93,31304.277000110436
2021-06-22,32509.56,32619.140981018416
2021-06-23,33678.07,32580.491257041565
2021-06-24,34663.09,31381.29184948835
2021-06-25,31584.45,31574.682768660496
2021-06-26,32283.65,35812.018374670915
2021-06-27,34700.34,34700.65784276382
2021-06-28,34494.89,36483.340013008376
2021-06-29,35911.73,36572.094553637464
2021-06-30,35045.0,36666.4420749733
2021-07-01,33504.69,32889.27143138103
2021-07-02,33786.55,34463.992472758306
2021-07-03,34669.13,34945.128019364
2021-07-04,35286.51,32685.591655001666
2021-07-05,33690.14,30448.241605699524
2021-07-06,34220.01,29830.978229447504
2021-07-07,33862.12,29358.962211118087
2021-07-08,32875.71,29082.824256036165
2021-07-09,33815.81,28663.77760089353
2021-07-10,33502.87,27838.96761978679
2021-07-11,34258.99,27758.976859214243
2021-07-12,33086.63,25086.249764752352
2021-07-13,32729.77,26502.174081229387
2021-07-14,32820.02,27084.506075766458
2021-07-15,31880.0,24779.911879277923
2021-07-16,31383.87,24866.177729100273
2021-07-17,31520.07,24370.711716164926
2021-07-18,31778.56,26682.495120154836
2021-07-19,30839.65,23446.408238387347
2021-07-20,29790.35,29097.645036216498
2021-07-21,32144.51,27570.39936812822
2021-07-22,32287.83,28907.233121701767
2021-07-23,33634.09,26207.438227912404
2021-07-24,34258.14,28264.120770457703
2021-07-25,35381.02,25253.69581158627
2021-07-26,37237.6,27077.038456614853
2021-07-27,39457.87,29250.063040863803
2021-07-28,40019.56,26876.501638420257
2021-07-29,40016.48,27983.398303535403
2021-07-30,42206.37,26413.035951215545
2021-07-31,41461.83,27715.24148242661
2021-08-01,39845.44,27284.062266259705
2021-08-02,39147.82,26539.509083524616
2021-08-03,38207.05,25867.081532243206
2021-08-04,39723.18,26711.99438122761
2021-08-05,40862.46,24888.93633477481
2021-08-06,42836.87,25826.230809498185
2021-08-07,44572.54,25773.280007088088
2021-08-08,43794.37,24446.970213893062
2021-08-09,46253.4,25587.84392745544
2021-08-10,45584.99,26277.746449982667
2021-08-11,45511.0,26719.18358872899
2021-08-12,44399.0,24857.766603800683
2021-08-13,47800.0,40717.560501999054
2021-08-14,47068.51,40694.05946525725
2021-08-15,46973.82,42159.41113003764
2021-08-16,45901.29,38780.17425811257
2021-08-17,44695.95,39092.13141872739
2021-08-18,44705.29,36459.58840578137
2021-08-19,46760.62,39972.81861803437
2021-08-20,49322.47,38119.18478546126
2021-08-21,48821.87,39530.26473922437
2021-08-22,49239.22,38899.482930622515
2021-08-23,49488.85,37841.23406119009
2021-08-24,47674.01,38063.67259586909
2021-08-25,48973.32,40525.273949039474
2021-08-26,46843.87,41013.00475829272
2021-08-27,49069.9,41027.34914520489
2021-08-28,48895.35,40304.05114523313
2021-08-29,48767.83,40084.07810039001
2021-08-30,46982.91,39449.636725319084
2021-08-31,47100.89,40739.7375366709
2021-09-01,48810.52,38694.89367618574
2021-09-02,49246.64,38991.48870063367
2021-09-03,49999.14,40280.71406201868
2021-09-04,49915.64,42200.213904109565
2021-09-05,51756.88,40914.64501573086
2021-09-06,52663.9,51087.995416197686
2021-09-07,46863.73,49824.93456300832
2021-09-08,46048.31,51391.232105234885
2021-09-09,46395.14,49615.60612359215
2021-09-10,44850.91,50551.15897877023
2021-09-11,45173.69,50980.52851921067
2021-09-12,46025.24,50383.43452028609
2021-09-13,44940.73,51967.32149188135
2021-09-14,47111.52,52534.111929410275
2021-09-15,48121.41,51406.015763861855
2021-09-16,47737.82,50695.93303688745
2021-09-17,47299.98,51499.44143328917
2021-09-18,48292.74,53170.74038266687
2021-09-19,47241.75,52802.51932100427
2021-09-20,43015.62,52975.283030357496
2021-09-21,40734.38,54372.66822439229
2021-09-22,43543.61,54622.8427463593
2021-09-23,44865.26,53680.80908665653
2021-09-24,42810.57,55503.805263853734
2021-09-25,42670.64,53748.29607067118
2021-09-26,43160.9,56171.46733572212
2021-09-27,42147.35,56527.37641551918
2021-09-28,41026.54,57985.436788526444
2021-09-29,41524.28,60134.56437279771
2021-09-30,43824.1,43043.99609244778
2021-10-01,48141.61,42511.75654071182
2021-10-02,47634.9,44851.77861969154
2021-10-03,48200.01,44608.14677150483
2021-10-04,49224.94,44795.48069055318
2021-10-05,51471.99,46027.93791645722
2021-10-06,55315.0,46027.60691593972
2021-10-07,53785.22,46271.49861499998
2021-10-08,53951.43,48129.45092161437
2021-10-09,54949.72,46504.39614733911
2021-10-10,54659.0,47553.24088991948
2021-10-11,57471.35,47691.784713997215
2021-10-12,55996.93,48421.59754658425
2021-10-13,57367.0,49729.86317138189
2021-10-14,57347.94,50370.37701389052
2021-10-15,61672.42,49914.90483451005
2021-10-16,60875.57,48931.57654015329
2021-10-17,61528.33,49349.71062377575
2021-10-18,62009.84,49468.348014862364
2021-10-19,64280.59,50792.931655825996
2021-10-20,66001.41,49889.81994482474
2021-10-21,62193.15,51969.530224306465
2021-10-22,60688.22,52147.2496610337
2021-10-23,61286.75,53871.224094634046
2021-10-24,60852.22,63145.116163643135
2021-10-25,63078.78,62407.59132834485
2021-10-26,60328.81,62807.63793509099
2021-10-27,58413.44,66013.17068497762
2021-10-28,60575.89,66317.59217025968
2021-10-29,62253.71,67339.09070186234
2021-10-30,61859.19,67596.5534221397
2021-10-31,61299.8,70741.40480612831
2021-11-01,60911.11,70544.62963867454
2021-11-02,63219.99,72220.69870765944
2021-11-03,62896.48,76189.78468867765
2021-11-04,61395.01,76895.77476439373
2021-11-05,60937.12,77158.43450214197
2021-11-06,61470.61,78230.9751696193
2021-11-07,63273.59,76280.11380186191
2021-11-08,67525.83,76580.00645763362
2021-11-09,66947.66,75554.06571347847
2021-11-10,64882.43,79370.53261476867
2021-11-11,64774.26,75364.95614679423
2021-11-12,64122.23,78359.5456696934
2021-11-13,64380.0,77998.14259999855
2021-11-14,65519.1,78247.39527005704
2021-11-15,63606.74,78478.97189378898
2021-11-16,60058.87,80396.42386351933
2021-11-17,60344.87,58922.31673923726
2021-11-18,56891.62,58333.049201146794
2021-11-19,58052.24,60884.84046167632
2021-11-20,59707.51,62010.95990450814
2021-11-21,58622.02,63018.82245217532
2021-11-22,56247.18,63008.23043561563
2021-11-23,57541.27,63499.360960464415
2021-11-24,57138.29,63154.328495802816
2021-11-25,58960.36,62931.4073809301
2021-11-26,53726.53,64950.12694823577
2021-11-27,54721.03,63047.999993118945
2021-11-28,57274.88,66143.67150582663
2021-11-29,57776.25,65621.25369841808
2021-11-30,56950.56,67401.2569298949
2021-12-01,57184.07,66599.64791964028
2021-12-02,56480.34,69725.88903154271
2021-12-03,53601.05,66105.80133447041
2021-12-04,49152.47,68020.7970947532
2021-12-05,49396.33,67976.41827770727
2021-12-06,50441.92,67259.03188510863
2021-12-07,50588.95,68347.63999826674
2021-12-08,50471.19,68410.28880649303
2021-12-09,47545.59,68006.78370835853
2021-12-10,47140.54,66843.5303383122
2021-12-11,49389.99,51873.77827086838
2021-12-12,50053.9,49849.982331140265
2021-12-13,46702.75,51466.8177748083
2021-12-14,48343.28,52290.79870788993
2021-12-15,48864.98,50832.36711934904
2021-12-16,47632.38,51681.132876226286
2021-12-17,46131.2,50396.39922279825
2021-12-18,46834.48,50031.287091229846
2021-12-19,46681.23,47831.38340888302
2021-12-20,46914.16,48426.40788120759
2021-12-21,48889.88,47889.86841620704
2021-12-22,48588.16,47766.11134421906
2021-12-23,50838.81,45651.83471163046
2021-12-24,50820.0,44817.24010774968
2021-12-25,50399.66,44297.838426551905
2021-12-26,50775.49,42405.55177653916
2021-12-27,50701.44,41690.27512555667
2021-12-28,47543.74,39750.203755976894
2021-12-29,46464.66,38865.18261531474
2021-12-30,47120.87,38968.85383347035
2021-12-31,46216.93,38563.72157391342
2022-01-01,47722.65,37675.526540438696
2022-01-02,47286.18,36241.57970980374
2022-01-03,46446.1,35430.17370292396
2022-01-04,45832.01,43914.53673383543
2022-01-05,43451.13,42111.63878432173
2022-01-06,43082.31,41878.391690688426
2022-01-07,41566.48,43371.50099699629
2022-01-08,41679.74,40863.51007597279
2022-01-09,41864.62,40109.416654023305
2022-01-10,41822.49,38817.19372720421
2022-01-11,42729.29,39140.72971900563
2022-01-12,43902.66,34541.270266472544
2022-01-13,42560.11,35345.10038300341
2022-01-14,43059.96,34741.157457483285
2022-01-15,43084.29,36184.183601378376
2022-01-16,43071.66,34872.208914707175
2022-01-17,42201.62,33710.88277197296
2022-01-18,42352.12,33199.61689788732
2022-01-19,41660.01,32873.50405158993
2022-01-20,40680.91,32757.415673834268
2022-01-21,36445.31,32362.074223976935
2022-01-22,35071.42,32410.137355194187
2022-01-23,36244.55,32788.733891021846
2022-01-24,36660.35,33794.69395907915
2022-01-25,36958.32,34727.29874422762
2022-01-26,36809.34,36461.862100924875
2022-01-27,37160.1,37571.88625691089
2022-01-28,37716.56,39361.81331698686
2022-01-29,38166.84,38931.92407479933
2022-01-30,37881.76,40459.28420101049
2022-01-31,38466.9,40247.42221557727
2022-02-01,38694.59,42253.54210897886
2022-02-02,36896.36,38373.62519260228
2022-02-03,37311.61,40048.12278249479
2022-02-04,41574.25,41295.790564889474
2022-02-05,41382.59,40763.98409794275
2022-02-06,42380.87,40858.46773164093
2022-02-07,43839.99,40643.775227763756
2022-02-08,44042.99,39972.66703835814
2022-02-09,44372.72,41298.88093420697
2022-02-10,43495.44,40538.20771692383
2022-02-11,42373.73,41011.91585939407
2022-02-12,42217.87,42078.01593736284
2022-02-13,42053.66,40995.409141998476
2022-02-14,42535.94,41627.33862529181
2022-02-15,44544.86,41143.11270936863
2022-02-16,43873.56,41508.9363373765
2022-02-17,40515.7,41141.92172619822
2022-02-18,39974.44,41691.985810474165
2022-02-19,40079.17,41905.32647111635
2022-02-20,38386.89,40049.1714663773
2022-02-21,37008.16,42345.90053374697
2022-02-22,38230.33,41456.22682506327
2022-02-23,37250.01,43477.43044298151
2022-02-24,38327.21,42047.29785195464
2022-02-25,39219.17,43363.02181551554
2022-02-26,39116.72,39788.191478918765
2022-02-27,37699.07,42384.915286331896
2022-02-28,43160.0,43026.26127032842
2022-03-01,44421.2,42581.14909779912
2022-03-02,43892.98,41728.25975503575
2022-03-03,42454.0,40553.50798383511
2022-03-04,39148.66,41160.85371841355
2022-03-05,39397.96,41441.95358779504
2022-03-06,38420.81,40731.31713098297
2022-03-07,37988.0,39932.19217134092
2022-03-08,38730.63,40255.786938935154
2022-03-09,41941.71,37994.96060059345
2022-03-10,39422.0,39815.5005683431
2022-03-11,38729.57,40202.91966002013
2022-03-12,38807.36,38079.50493837857
2022-03-13,37777.34,39153.815066566225
2022-03-14,39671.37,39278.5620466439
2022-03-15,39280.33,39803.535054308966
2022-03-16,41114.0,38578.96306503187
